	begin_id	title
0	0	Global warming, state of scientific knowledge, challenges, risks and options for action
1	1	abstract
2	15	1. Introduction
3	27	2. From climate science to climate change science
4	60	3. From knowledge production to assessment of the state of knowledge
5	74	4. Key points of the IPCC Special Report of 1.5°C
6	120	5. Key points of the IPCC Special Report on land surface use
7	157	6. Key points of the IPCC Special Report on the Ocean and Cryosphere in a Changing Climate
8	197	7. Final comments
